{
  "project_info": {
    "project_number": "599065790534",
    "project_id": "black-liste-c96b0",
    "storage_bucket": "black-liste-c96b0.appspot.com"
  },
  "client": [
    {
      "client_info": {
        "mobilesdk_app_id": "1:599065790534:android:72faa2d09e078b527d6247",
        "android_client_info": {
          "package_name": "com.example.black_list_2"
        }
      },
      "oauth_client": [
        {
          "client_id": "599065790534-braod1fpr182j84ubebbsj1uitvjbpvp.apps.googleusercontent.com",
          "client_type": 1,
          "android_info": {
            "package_name": "com.example.black_list_2",
            "certificate_hash": "7a09f9c9b8c164468afc57ae6d1b47b9fa163fe5"
          }
        },
        {
          "client_id": "599065790534-a54fk4vgfgd4ddv45fc501q63l3gjk1h.apps.googleusercontent.com",
          "client_type": 3
        }
      ],
      "api_key": [
        {
          "current_key": "AIzaSyBkpxXdDgnnifWJqka4IwZvPCjWZ2GYEos"
        }
      ],
      "services": {
        "appinvite_service": {
          "other_platform_oauth_client": [
            {
              "client_id": "599065790534-a54fk4vgfgd4ddv45fc501q63l3gjk1h.apps.googleusercontent.com",
              "client_type": 3
            }
          ]
        }
      }
    },
    {
      "client_info": {
        "mobilesdk_app_id": "1:599065790534:android:24044063ef5dacc07d6247",
        "android_client_info": {
          "package_name": "io.flutter.app.FlutterApplication"
        }
      },
      "oauth_client": [
        {
          "client_id": "599065790534-utq8t1jnjpr13bu32o9meuqav24fne95.apps.googleusercontent.com",
          "client_type": 1,
          "android_info": {
            "package_name": "io.flutter.app.FlutterApplication",
            "certificate_hash": "7a09f9c9b8c164468afc57ae6d1b47b9fa163fe5"
          }
        },
        {
          "client_id": "599065790534-a54fk4vgfgd4ddv45fc501q63l3gjk1h.apps.googleusercontent.com",
          "client_type": 3
        }
      ],
      "api_key": [
        {
          "current_key": "AIzaSyBkpxXdDgnnifWJqka4IwZvPCjWZ2GYEos"
        }
      ],
      "services": {
        "appinvite_service": {
          "other_platform_oauth_client": [
            {
              "client_id": "599065790534-a54fk4vgfgd4ddv45fc501q63l3gjk1h.apps.googleusercontent.com",
              "client_type": 3
            }
          ]
        }
      }
    }
  ],
  "configuration_version": "1"
}