{"v":"5.1.8","fr":29.9700012207031,"ip":0,"op":121.000004928431,"w":1200,"h":1200,"nm":"Final","ddd":0,"assets":[{"id":"comp_1","layers":[{"ddd":0,"ind":1,"ty":4,"nm":"Shape Layer 6","sr":1,"ks":{"o":{"a":0,"k":100,"ix":11},"r":{"a":0,"k":0,"ix":10},"p":{"a":1,"k":[{"i":{"x":0.042,"y":1},"o":{"x":0.333,"y":0},"n":"0p042_1_0p333_0","t":0,"s":[600,600,0],"e":[732,792,0],"to":[22,32,0],"ti":[-22,-32,0]},{"i":{"x":0.042,"y":0.042},"o":{"x":0.333,"y":0.333},"n":"0p042_0p042_0p333_0p333","t":20,"s":[732,792,0],"e":[732,792,0],"to":[0,0,0],"ti":[0,0,0]},{"i":{"x":0.667,"y":1},"o":{"x":0.941,"y":0},"n":"0p667_1_0p941_0","t":69,"s":[732,792,0],"e":[600,600,0],"to":[-22,-32,0],"ti":[22,32,0]},{"t":89.0000036250443}],"ix":2},"a":{"a":0,"k":[-18,-22,0],"ix":1},"s":{"a":0,"k":[100,100,100],"ix":6}},"ao":0,"shapes":[{"ty":"gr","it":[{"ind":0,"ty":"sh","ix":1,"ks":{"a":0,"k":{"i":[[32.033,0],[0,-32.033],[-32.033,0],[0,32.033]],"o":[[-32.033,0],[0,32.033],[32.033,0],[0,-32.033]],"v":[[0,-58],[-58,0],[0,58],[58,0]],"c":true},"ix":2},"nm":"Path 1","mn":"ADBE Vector Shape - Group","hd":false},{"ty":"fl","c":{"a":0,"k":[0.3686274509803922,0.5019607843137255,0.996078431372549,1],"ix":4},"o":{"a":0,"k":100,"ix":5},"r":1,"nm":"Fill 1","mn":"ADBE Vector Graphic - Fill","hd":false},{"ty":"tr","p":{"a":0,"k":[-18,-22],"ix":2},"a":{"a":0,"k":[0,0],"ix":1},"s":{"a":0,"k":[100,100],"ix":3},"r":{"a":0,"k":0,"ix":6},"o":{"a":0,"k":100,"ix":7},"sk":{"a":0,"k":0,"ix":4},"sa":{"a":0,"k":0,"ix":5},"nm":"Transform"}],"nm":"Ellipse 1","np":3,"cix":2,"ix":1,"mn":"ADBE Vector Group","hd":false}],"ip":0,"op":900.000036657751,"st":0,"bm":0},{"ddd":0,"ind":2,"ty":4,"nm":"Shape Layer 5","sr":1,"ks":{"o":{"a":0,"k":100,"ix":11},"r":{"a":0,"k":0,"ix":10},"p":{"a":1,"k":[{"i":{"x":0.042,"y":1},"o":{"x":0.333,"y":0},"n":"0p042_1_0p333_0","t":0,"s":[600,600,0],"e":[732,396,0],"to":[22,-34,0],"ti":[-22,34,0]},{"i":{"x":0.042,"y":0.042},"o":{"x":0.333,"y":0.333},"n":"0p042_0p042_0p333_0p333","t":20,"s":[732,396,0],"e":[732,396,0],"to":[0,0,0],"ti":[0,0,0]},{"i":{"x":0.667,"y":1},"o":{"x":0.941,"y":0},"n":"0p667_1_0p941_0","t":69,"s":[732,396,0],"e":[600,600,0],"to":[-22,34,0],"ti":[22,-34,0]},{"t":89.0000036250443}],"ix":2},"a":{"a":0,"k":[-18,-22,0],"ix":1},"s":{"a":0,"k":[100,100,100],"ix":6}},"ao":0,"shapes":[{"ty":"gr","it":[{"ind":0,"ty":"sh","ix":1,"ks":{"a":0,"k":{"i":[[32.033,0],[0,-32.033],[-32.033,0],[0,32.033]],"o":[[-32.033,0],[0,32.033],[32.033,0],[0,-32.033]],"v":[[0,-58],[-58,0],[0,58],[58,0]],"c":true},"ix":2},"nm":"Path 1","mn":"ADBE Vector Shape - Group","hd":false},{"ty":"fl","c":{"a":0,"k":[0.3686274509803922,0.5019607843137255,0.996078431372549,1],"ix":4},"o":{"a":0,"k":100,"ix":5},"r":1,"nm":"Fill 1","mn":"ADBE Vector Graphic - Fill","hd":false},{"ty":"tr","p":{"a":0,"k":[-18,-22],"ix":2},"a":{"a":0,"k":[0,0],"ix":1},"s":{"a":0,"k":[100,100],"ix":3},"r":{"a":0,"k":0,"ix":6},"o":{"a":0,"k":100,"ix":7},"sk":{"a":0,"k":0,"ix":4},"sa":{"a":0,"k":0,"ix":5},"nm":"Transform"}],"nm":"Ellipse 1","np":3,"cix":2,"ix":1,"mn":"ADBE Vector Group","hd":false}],"ip":0,"op":900.000036657751,"st":0,"bm":0},{"ddd":0,"ind":3,"ty":4,"nm":"Shape Layer 4","sr":1,"ks":{"o":{"a":0,"k":100,"ix":11},"r":{"a":0,"k":0,"ix":10},"p":{"a":1,"k":[{"i":{"x":0.042,"y":1},"o":{"x":0.333,"y":0},"n":"0p042_1_0p333_0","t":0,"s":[600,600,0],"e":[848,578,0],"to":[41.3333320617676,-3.66666674613953,0],"ti":[-41.3333320617676,3.66666674613953,0]},{"i":{"x":0.042,"y":0.042},"o":{"x":0.333,"y":0.333},"n":"0p042_0p042_0p333_0p333","t":20,"s":[848,578,0],"e":[848,578,0],"to":[0,0,0],"ti":[0,0,0]},{"i":{"x":0.667,"y":1},"o":{"x":0.941,"y":0},"n":"0p667_1_0p941_0","t":69,"s":[848,578,0],"e":[600,600,0],"to":[-41.3333320617676,3.66666674613953,0],"ti":[41.3333320617676,-3.66666674613953,0]},{"t":89.0000036250443}],"ix":2},"a":{"a":0,"k":[-18,-22,0],"ix":1},"s":{"a":0,"k":[100,100,100],"ix":6}},"ao":0,"shapes":[{"ty":"gr","it":[{"ind":0,"ty":"sh","ix":1,"ks":{"a":0,"k":{"i":[[32.033,0],[0,-32.033],[-32.033,0],[0,32.033]],"o":[[-32.033,0],[0,32.033],[32.033,0],[0,-32.033]],"v":[[0,-58],[-58,0],[0,58],[58,0]],"c":true},"ix":2},"nm":"Path 1","mn":"ADBE Vector Shape - Group","hd":false},{"ty":"fl","c":{"a":0,"k":[0.3686274509803922,0.5019607843137255,0.996078431372549,1],"ix":4},"o":{"a":0,"k":100,"ix":5},"r":1,"nm":"Fill 1","mn":"ADBE Vector Graphic - Fill","hd":false},{"ty":"tr","p":{"a":0,"k":[-18,-22],"ix":2},"a":{"a":0,"k":[0,0],"ix":1},"s":{"a":0,"k":[100,100],"ix":3},"r":{"a":0,"k":0,"ix":6},"o":{"a":0,"k":100,"ix":7},"sk":{"a":0,"k":0,"ix":4},"sa":{"a":0,"k":0,"ix":5},"nm":"Transform"}],"nm":"Ellipse 1","np":3,"cix":2,"ix":1,"mn":"ADBE Vector Group","hd":false}],"ip":0,"op":900.000036657751,"st":0,"bm":0},{"ddd":0,"ind":4,"ty":4,"nm":"Shape Layer 3","sr":1,"ks":{"o":{"a":0,"k":100,"ix":11},"r":{"a":0,"k":0,"ix":10},"p":{"a":1,"k":[{"i":{"x":0.042,"y":1},"o":{"x":0.333,"y":0},"n":"0p042_1_0p333_0","t":0,"s":[600,600,0],"e":[462,792,0],"to":[-23,32,0],"ti":[23,-32,0]},{"i":{"x":0.042,"y":0.042},"o":{"x":0.333,"y":0.333},"n":"0p042_0p042_0p333_0p333","t":20,"s":[462,792,0],"e":[462,792,0],"to":[0,0,0],"ti":[0,0,0]},{"i":{"x":0.667,"y":1},"o":{"x":0.941,"y":0},"n":"0p667_1_0p941_0","t":69,"s":[462,792,0],"e":[600,600,0],"to":[23,-32,0],"ti":[-23,32,0]},{"t":89.0000036250443}],"ix":2},"a":{"a":0,"k":[-18,-22,0],"ix":1},"s":{"a":0,"k":[100,100,100],"ix":6}},"ao":0,"shapes":[{"ty":"gr","it":[{"ind":0,"ty":"sh","ix":1,"ks":{"a":0,"k":{"i":[[32.033,0],[0,-32.033],[-32.033,0],[0,32.033]],"o":[[-32.033,0],[0,32.033],[32.033,0],[0,-32.033]],"v":[[0,-58],[-58,0],[0,58],[58,0]],"c":true},"ix":2},"nm":"Path 1","mn":"ADBE Vector Shape - Group","hd":false},{"ty":"fl","c":{"a":0,"k":[0.3686274509803922,0.5019607843137255,0.996078431372549,1],"ix":4},"o":{"a":0,"k":100,"ix":5},"r":1,"nm":"Fill 1","mn":"ADBE Vector Graphic - Fill","hd":false},{"ty":"tr","p":{"a":0,"k":[-18,-22],"ix":2},"a":{"a":0,"k":[0,0],"ix":1},"s":{"a":0,"k":[100,100],"ix":3},"r":{"a":0,"k":0,"ix":6},"o":{"a":0,"k":100,"ix":7},"sk":{"a":0,"k":0,"ix":4},"sa":{"a":0,"k":0,"ix":5},"nm":"Transform"}],"nm":"Ellipse 1","np":3,"cix":2,"ix":1,"mn":"ADBE Vector Group","hd":false}],"ip":0,"op":900.000036657751,"st":0,"bm":0},{"ddd":0,"ind":5,"ty":4,"nm":"Shape Layer 2","sr":1,"ks":{"o":{"a":0,"k":100,"ix":11},"r":{"a":0,"k":0,"ix":10},"p":{"a":1,"k":[{"i":{"x":0.042,"y":1},"o":{"x":0.333,"y":0},"n":"0p042_1_0p333_0","t":0,"s":[600,600,0],"e":[462,396,0],"to":[-23,-34,0],"ti":[23,34,0]},{"i":{"x":0.042,"y":0.042},"o":{"x":0.333,"y":0.333},"n":"0p042_0p042_0p333_0p333","t":20,"s":[462,396,0],"e":[462,396,0],"to":[0,0,0],"ti":[0,0,0]},{"i":{"x":0.667,"y":1},"o":{"x":0.941,"y":0},"n":"0p667_1_0p941_0","t":69,"s":[462,396,0],"e":[600,600,0],"to":[23,34,0],"ti":[-23,-34,0]},{"t":89.0000036250443}],"ix":2},"a":{"a":0,"k":[-18,-22,0],"ix":1},"s":{"a":0,"k":[100,100,100],"ix":6}},"ao":0,"shapes":[{"ty":"gr","it":[{"ind":0,"ty":"sh","ix":1,"ks":{"a":0,"k":{"i":[[32.033,0],[0,-32.033],[-32.033,0],[0,32.033]],"o":[[-32.033,0],[0,32.033],[32.033,0],[0,-32.033]],"v":[[0,-58],[-58,0],[0,58],[58,0]],"c":true},"ix":2},"nm":"Path 1","mn":"ADBE Vector Shape - Group","hd":false},{"ty":"fl","c":{"a":0,"k":[0.3686274509803922,0.5019607843137255,0.996078431372549,1],"ix":4},"o":{"a":0,"k":100,"ix":5},"r":1,"nm":"Fill 1","mn":"ADBE Vector Graphic - Fill","hd":false},{"ty":"tr","p":{"a":0,"k":[-18,-22],"ix":2},"a":{"a":0,"k":[0,0],"ix":1},"s":{"a":0,"k":[100,100],"ix":3},"r":{"a":0,"k":0,"ix":6},"o":{"a":0,"k":100,"ix":7},"sk":{"a":0,"k":0,"ix":4},"sa":{"a":0,"k":0,"ix":5},"nm":"Transform"}],"nm":"Ellipse 1","np":3,"cix":2,"ix":1,"mn":"ADBE Vector Group","hd":false}],"ip":0,"op":900.000036657751,"st":0,"bm":0},{"ddd":0,"ind":6,"ty":4,"nm":"Shape Layer 1","sr":1,"ks":{"o":{"a":0,"k":100,"ix":11},"r":{"a":0,"k":0,"ix":10},"p":{"a":1,"k":[{"i":{"x":0.042,"y":1},"o":{"x":0.333,"y":0},"n":"0p042_1_0p333_0","t":0,"s":[600,600,0],"e":[340,578,0],"to":[-43.3333320617676,-3.66666674613953,0],"ti":[43.3333320617676,3.66666674613953,0]},{"i":{"x":0.042,"y":0.042},"o":{"x":0.333,"y":0.333},"n":"0p042_0p042_0p333_0p333","t":20,"s":[340,578,0],"e":[340,578,0],"to":[0,0,0],"ti":[0,0,0]},{"i":{"x":0.667,"y":1},"o":{"x":0.941,"y":0},"n":"0p667_1_0p941_0","t":69,"s":[340,578,0],"e":[600,600,0],"to":[43.3333320617676,3.66666674613953,0],"ti":[-43.3333320617676,-3.66666674613953,0]},{"t":89.0000036250443}],"ix":2},"a":{"a":0,"k":[-18,-22,0],"ix":1},"s":{"a":0,"k":[100,100,100],"ix":6}},"ao":0,"shapes":[{"ty":"gr","it":[{"ind":0,"ty":"sh","ix":1,"ks":{"a":0,"k":{"i":[[32.033,0],[0,-32.033],[-32.033,0],[0,32.033]],"o":[[-32.033,0],[0,32.033],[32.033,0],[0,-32.033]],"v":[[0,-58],[-58,0],[0,58],[58,0]],"c":true},"ix":2},"nm":"Path 1","mn":"ADBE Vector Shape - Group","hd":false},{"ty":"fl","c":{"a":0,"k":[0.3686274509803922,0.5019607843137255,0.996078431372549,1],"ix":4},"o":{"a":0,"k":100,"ix":5},"r":1,"nm":"Fill 1","mn":"ADBE Vector Graphic - Fill","hd":false},{"ty":"tr","p":{"a":0,"k":[-18,-22],"ix":2},"a":{"a":0,"k":[0,0],"ix":1},"s":{"a":0,"k":[100,100],"ix":3},"r":{"a":0,"k":0,"ix":6},"o":{"a":0,"k":100,"ix":7},"sk":{"a":0,"k":0,"ix":4},"sa":{"a":0,"k":0,"ix":5},"nm":"Transform"}],"nm":"Ellipse 1","np":3,"cix":2,"ix":1,"mn":"ADBE Vector Group","hd":false}],"ip":0,"op":900.000036657751,"st":0,"bm":0}]}],"layers":[{"ddd":0,"ind":1,"ty":0,"nm":"Dots","refId":"comp_1","sr":1,"ks":{"o":{"a":0,"k":100,"ix":11},"r":{"a":1,"k":[{"i":{"x":[0],"y":[1]},"o":{"x":[0.333],"y":[0]},"n":["0_1_0p333_0"],"t":28,"s":[0],"e":[180]},{"t":58.2275023716547}],"ix":10},"p":{"a":0,"k":[600,600,0],"ix":2},"a":{"a":0,"k":[600,600,0],"ix":1},"s":{"a":0,"k":[100,100,100],"ix":6}},"ao":0,"w":1200,"h":1200,"ip":0,"op":121.000004928431,"st":0,"bm":0}],"markers":[]}